cliente_id,nombre,apellido,email,telefono,direccion,ciudad,pais,fecha_registro
1,Caleb,Borland,cborland0@wsj.com,+33 844 493 3079,698 East Street,Aubenas,France,10/23/2022
2,Zolly,Burgh,zburgh1@timesonline.co.uk,+234 822 384 6045,9751 Barby Drive,Ijero-Ekiti,Nigeria,10/3/2022
3,Dulsea,Ohanessian,dohanessian2@elegantthemes.com,+63 804 388 6818,9 Steensland Crossing,Maticmatic,Philippines,2/13/2022
4,Norby,Gethins,ngethins3@shinystat.com,+86 309 610 6485,712 Mcbride Terrace,Dongfeng,China,4/1/2022
5,Alfy,Brundale,abrundale4@clickbank.net,+976 151 670 1908,939 3rd Point,Örgön,Mongolia,3/20/2022
6,Selena,Hagwood,shagwood5@chronoengine.com,+86 697 925 6192,85085 Starling Place,Macheng,China,3/14/2022
7,Lori,Sarsons,lsarsons6@taobao.com,+62 318 712 8262,4 Mcbride Alley,Bojongbenteng,Indonesia,3/2/2022
8,Sheelah,Dubose,sdubose7@mozilla.com,+7 353 511 2390,272 Sachtjen Court,Ryazan’,Russia,11/16/2022
9,Emalia,Dana,edana8@businessweek.com,+1 601 480 9374,583 Moulton Avenue,Jackson,United States,2/10/2022
10,Marthena,Calam,mcalam9@virginia.edu,+30 196 741 8261,0900 Nova Road,Lianovérgi,Greece,12/6/2022
11,Leontine,Pierrepont,lpierreponta@si.edu,+86 377 554 6812,822 Bay Pass,Sheshan,China,8/31/2022
12,Leann,McCrohon,lmccrohonb@si.edu,+33 384 440 4638,2805 Doe Crossing Parkway,Puteaux,France,6/4/2022
13,Killian,Ebbett,kebbettc@printfriendly.com,+62 766 799 1892,7 Farwell Trail,Kacangan Lor,Indonesia,4/16/2022
14,Joly,Terrey,jterreyd@intel.com,+60 109 404 4783,32 Lukken Drive,Johor Bahru,Malaysia,2/4/2022
15,Bald,Mountain,bmountaine@sciencedaily.com,+86 497 116 8264,1796 Meadow Vale Way,Shengao,China,5/24/2022
16,Jasper,Gooderidge,jgooderidgef@who.int,+62 700 327 9778,74883 Mallory Terrace,Pasuruan,Indonesia,6/8/2022
17,Alberto,Ganiford,aganifordg@blogs.com,+62 996 463 2981,812 Corscot Center,Kedungtuban,Indonesia,6/28/2022
18,Harley,Zaniolini,hzaniolinih@disqus.com,+223 671 864 8647,6136 Kensington Circle,Yélimané,Mali,5/5/2022
19,Vonni,Pownall,vpownalli@cargocollective.com,+62 478 717 9270,198 Maple Wood Street,Wonorejo,Indonesia,8/11/2022
20,Maurizio,Breede,mbreedej@aol.com,+58 282 165 4959,7834 Ludington Pass,Altagracia de Orituco,Venezuela,2/1/2022
21,Reese,Dennes,rdennesk@creativecommons.org,+86 433 174 8659,75 8th Drive,Zengjia,China,5/12/2022
22,Benny,Hiorn,bhiornl@theglobeandmail.com,+86 428 235 3170,073 Bunker Hill Pass,Jiujie,China,5/3/2022
23,Heriberto,Proppers,hproppersm@networkadvertising.org,+86 886 702 2163,16039 Aberg Alley,Wangbuzhuang,China,7/1/2022
24,Malcolm,Baile,mbailen@google.it,+63 136 287 1397,3 Cordelia Terrace,Sabtang,Philippines,9/5/2022
25,Howey,Shapter,hshaptero@bigcartel.com,+86 471 221 3114,69 Judy Park,Huaiya,China,9/22/2022
26,Yorke,Tressler,ytresslerp@sohu.com,+593 130 810 0470,20575 Green Street,Samborondón,Ecuador,6/26/2022
27,Ginni,Andreassen,gandreassenq@meetup.com,+27 144 440 4812,9302 Service Place,Dewetsdorp,South Africa,9/1/2022
28,Lew,Morriarty,lmorriartyr@prnewswire.com,+86 153 491 1670,9620 Menomonie Court,Yixing,China,1/31/2022
29,Nickey,Reinhart,nreinharts@latimes.com,+351 365 719 8479,994 Sundown Crossing,Giesteira,Portugal,11/2/2022
30,Carma,Yersin,cyersint@dion.ne.jp,+92 198 707 2061,5 Lakewood Circle,Lārkāna,Pakistan,9/30/2022
31,Cindi,Croston,ccrostonu@lycos.com,+63 445 617 2755,89728 Bultman Park,Gatbo,Philippines,8/3/2022
32,Guillemette,Chiplen,gchiplenv@example.com,+7 449 588 9177,56 Novick Court,Yam,Russia,1/7/2022
33,Smith,Lafford,slaffordw@auda.org.au,+504 325 754 9853,78912 Mcbride Trail,Quebrada Larga,Honduras,4/23/2022
34,Keven,Bowart,kbowartx@pcworld.com,+57 685 714 5508,65 Hintze Parkway,La Mesa,Colombia,12/24/2022
35,Meyer,Dulinty,mdulintyy@ezinearticles.com,+353 253 450 3477,28026 Butterfield Crossing,Kinsealy-Drinan,Ireland,2/3/2022
36,Devi,Pontain,dpontainz@ow.ly,+234 915 241 7789,314 Bobwhite Crossing,Lafia,Nigeria,7/26/2022
37,Joete,Borless,jborless10@google.nl,+86 748 948 5329,5868 Burrows Way,Xinan,China,1/27/2022
38,Elvin,Pharo,epharo11@va.gov,+7 878 234 8751,3658 Alpine Point,Yefimovskiy,Russia,5/11/2022
39,Thalia,Brabben,tbrabben12@facebook.com,+62 434 818 2250,92600 Judy Drive,Rukunlima Bawah,Indonesia,6/6/2022
40,Jeannine,Kolakowski,jkolakowski13@booking.com,+62 704 531 2835,05 Division Place,Essang,Indonesia,3/21/2022
41,Evelina,Totterdell,etotterdell14@ycombinator.com,+84 758 581 7714,77 Huxley Circle,Pho Duc,Vietnam,3/30/2022
42,Beverley,Pretor,bpretor15@flickr.com,+86 764 917 6052,4962 Truax Road,Hoit Taria,China,12/17/2022
43,Garv,Whetton,gwhetton16@macromedia.com,+66 750 462 5663,9066 Donald Avenue,Sukhirin,Thailand,10/12/2022
44,Quinlan,Shekle,qshekle17@weather.com,+7 433 565 4040,3255 Hazelcrest Trail,Kharlu,Russia,11/21/2022
45,August,Hickford,ahickford18@spotify.com,+52 106 751 2146,0 Victoria Alley,Parque Industrial,Mexico,9/23/2022
46,Lars,Bennetts,lbennetts19@scribd.com,+57 637 516 3887,3810 Carpenter Parkway,San Andrés,Colombia,1/18/2022
47,Walden,De Giorgi,wdegiorgi1a@free.fr,+61 363 815 6699,8094 Glendale Place,Sydney,Australia,4/15/2022
48,Claudie,Stockey,cstockey1b@live.com,+55 199 342 2286,17 Merrick Plaza,Mauá,Brazil,6/11/2022
49,Rhianna,Lefeaver,rlefeaver1c@timesonline.co.uk,+62 650 356 3916,93 Ramsey Street,Jugantang,Indonesia,12/6/2022
50,Hernando,Clouston,hclouston1d@google.ca,+66 435 294 0872,33 Trailsway Crossing,Rayong,Thailand,1/14/2022
51,Tanner,Rodbourne,trodbourne1e@icq.com,+81 627 740 3535,223 Shopko Point,Tatebayashi,Japan,4/22/2022
52,Giselle,Rucklidge,grucklidge1f@cocolog-nifty.com,+58 183 619 3755,52979 Clemons Parkway,Guayabal,Venezuela,6/23/2022
53,Sansone,Davidwitz,sdavidwitz1g@shutterfly.com,+420 328 117 2104,7964 Melrose Place,Letovice,Czech Republic,5/12/2022
54,Gustavus,Lepope,glepope1h@squarespace.com,+62 891 418 1003,2160 Clemons Park,Cimaung Kidul,Indonesia,2/12/2022
55,Natalee,Kenwell,nkenwell1i@mlb.com,+48 671 594 4636,22 Truax Alley,Rybno,Poland,6/23/2022
56,Berty,Hecks,bhecks1j@patch.com,+62 825 875 7458,94 Hallows Avenue,Sukodono,Indonesia,5/10/2022
57,Berte,Skellen,bskellen1k@google.cn,+63 191 928 4260,028 Pepper Wood Crossing,Aguilar,Philippines,12/6/2022
58,Sheffie,Adamo,sadamo1l@zimbio.com,+352 269 558 9279,192 Aberg Crossing,Mertzig,Luxembourg,7/6/2022
59,Maris,Topham,mtopham1m@nymag.com,+63 674 178 3329,2425 Killdeer Terrace,Looc,Philippines,3/10/2022
60,Stephine,Trustey,strustey1n@vistaprint.com,+66 335 103 8709,9693 Cordelia Trail,Chaloem Phra Kiat,Thailand,10/21/2022
61,Jeanna,Sturman,jsturman1o@webs.com,+254 379 895 3197,7 Prairie Rose Street,Kajiado,Kenya,12/8/2022
62,Laurel,Buckett,lbuckett1p@google.fr,+86 897 438 2892,0426 Butternut Street,Sijing,China,11/7/2022
63,Eduard,Sket,esket1q@mac.com,+62 583 894 6946,1141 Namekagon Lane,Hokor,Indonesia,1/4/2022
64,Adham,Coulthard,acoulthard1r@aol.com,+86 630 797 4411,0746 Briar Crest Terrace,Huaitu,China,12/19/2022
65,Genevieve,Stogill,gstogill1s@princeton.edu,+86 480 294 1000,3 Grim Hill,Daping,China,8/3/2022
66,Othilie,Dahlback,odahlback1t@prweb.com,+54 977 977 3013,42 Corben Plaza,La Playosa,Argentina,12/24/2022
67,Fidelity,Blyde,fblyde1u@google.it,+7 365 799 3801,5825 Green Point,Kipen’,Russia,10/1/2022
68,Lora,Duplan,lduplan1v@dailymotion.com,+504 456 815 1820,731 Ryan Crossing,Santa Lucía,Honduras,4/23/2022
69,Anatol,Thornewell,athornewell1w@apple.com,+31 545 244 0723,2453 5th Plaza,Haarlem,Netherlands,2/8/2022
70,Sonnie,Lewzey,slewzey1x@pen.io,+86 792 589 0919,42 Del Mar Court,Songjiang,China,4/26/2022
71,Simeon,Buckie,sbuckie1y@nationalgeographic.com,+86 352 349 0165,22373 Rutledge Circle,Maxu,China,9/22/2022
72,Nisse,Middlemiss,nmiddlemiss1z@ucoz.com,+55 786 379 7951,02 Beilfuss Street,Brejo Santo,Brazil,6/27/2022
73,Pascale,Devereux,pdevereux20@berkeley.edu,+355 907 360 3360,541 Golf Junction,Mamurras,Albania,5/6/2022
74,Carmen,Petracek,cpetracek21@sitemeter.com,+48 162 988 7195,70 Anderson Drive,Pamiątkowo,Poland,5/21/2022
75,Shem,Simnell,ssimnell22@moonfruit.com,+420 361 865 7175,2 Dapin Park,Buštěhrad,Czech Republic,7/19/2022
76,Kylie,Ainsworth,kainsworth23@ovh.net,+256 367 651 6763,40 Fremont Drive,Kaberamaido,Uganda,1/14/2022
77,Georgeta,Dalliston,gdalliston24@bluehost.com,+1 667 741 5650,8119 Helena Crossing,Calgary,Canada,2/28/2022
78,Lynn,Folbigg,lfolbigg25@craigslist.org,+86 643 999 0551,20 Gale Road,Jingdu,China,6/13/2022
79,Haze,Connolly,hconnolly26@360.cn,+1 626 757 5492,11218 Maryland Junction,Pasadena,United States,6/29/2022
80,Olvan,Rix,orix27@utexas.edu,+62 379 704 2584,232 Northridge Trail,Tanjungbatu,Indonesia,5/24/2022
81,Fredrika,Jamieson,fjamieson28@people.com.cn,+57 590 553 3863,85 International Terrace,El Cantón de San Pablo,Colombia,3/23/2022
82,Tim,Davage,tdavage29@sogou.com,+62 295 783 3219,30403 Colorado Circle,Lengor,Indonesia,11/18/2022
83,Barrie,Sappy,bsappy2a@bandcamp.com,+672 775 588 7753,6646 Novick Junction,Kingston,Norfolk Island,2/2/2022
84,Tallie,Laydon,tlaydon2b@technorati.com,+598 240 946 7521,56734 Mallory Drive,Los Cerrillos,Uruguay,1/15/2022
85,Salomi,Landa,slanda2c@vk.com,+1 619 750 2299,1985 Tomscot Plaza,San Diego,United States,3/31/2022
86,Madonna,Nerger,mnerger2d@bravesites.com,+1 551 150 2685,3 Meadow Vale Plaza,Amos,Canada,2/24/2022
87,Roanna,Isherwood,risherwood2e@discuz.net,+264 725 850 8530,99 Fordem Court,Omuthiya,Namibia,12/30/2022
88,Quinta,Lemarie,qlemarie2f@reverbnation.com,+7 410 342 5147,4 Old Shore Street,Aban,Russia,8/25/2022
89,Cazzie,Lempertz,clempertz2g@theguardian.com,+84 641 345 0638,3083 Steensland Center,Yên Lập,Vietnam,5/6/2022
90,Kikelia,Probyn,kprobyn2h@instagram.com,+62 215 418 2364,2 Mccormick Trail,Dukoh,Indonesia,10/14/2022
91,Shawna,Harradine,sharradine2i@marriott.com,+62 127 508 9372,51051 Rutledge Junction,Cabak Satu,Indonesia,10/23/2022
92,Gradeigh,Watmough,gwatmough2j@dailymotion.com,+506 323 118 5447,29 Lakewood Gardens Drive,Limón,Costa Rica,7/4/2022
93,Delia,Pasby,dpasby2k@yolasite.com,+62 566 496 0212,80506 Myrtle Street,Laju Kidul,Indonesia,6/17/2022
94,Georas,Nelthorpe,gnelthorpe2l@tmall.com,+51 618 908 0608,8 Northport Circle,Pacapausa,Peru,4/10/2022
95,Elsa,Sussex,esussex2m@com.com,+62 637 461 8062,94189 Sauthoff Avenue,Tembayangan Barat,Indonesia,12/7/2022
96,Eden,D'Alesco,edalesco2n@uiuc.edu,+30 132 706 5203,812 Rutledge Pass,Mýrina,Greece,3/18/2022
97,Burnard,Ashness,bashness2o@histats.com,+86 985 585 4675,7 Carioca Circle,Fucheng,China,4/12/2022
98,Gilberta,Skotcher,gskotcher2p@ycombinator.com,+55 540 109 2382,61358 Donald Parkway,Extrema,Brazil,8/11/2022
99,Brandea,Stolworthy,bstolworthy2q@wunderground.com,+48 471 450 2725,62217 Crownhardt Trail,Brańsk,Poland,1/13/2022
100,Carin,Craister,ccraister2r@lycos.com,+63 948 616 0268,14 Dapin Junction,San Quintin,Philippines,2/2/2022
101,Darrell,MacFayden,dmacfayden2s@smugmug.com,+63 227 898 4672,3 Bunker Hill Lane,Songculan,Philippines,5/18/2022
102,Connor,Bragger,cbragger2t@amazon.de,+86 742 941 5237,351 School Junction,Changpo,China,3/16/2022
103,Karine,Verey,kverey2u@cam.ac.uk,+7 754 576 6536,95 Hudson Point,Ryazhsk,Russia,4/6/2022
104,Jay,Kitteringham,jkitteringham2v@delicious.com,+46 994 193 6187,25 Lakewood Gardens Pass,Bankeryd,Sweden,4/1/2022
105,Eryn,McGlashan,emcglashan2w@qq.com,+62 396 525 0603,0434 Corry Plaza,Aengceleng,Indonesia,12/11/2022
106,Laney,Hockey,lhockey2x@plala.or.jp,+234 111 702 1441,01323 Morrow Parkway,Nassarawa,Nigeria,5/3/2022
107,Val,Doylend,vdoylend2y@toplist.cz,+62 877 217 2260,7 Haas Lane,Pandak,Indonesia,10/8/2022
108,Nicolina,Oswick,noswick2z@stumbleupon.com,+62 236 520 9898,341 Bayside Trail,Ndano,Indonesia,4/4/2022
109,Garey,Marr,gmarr30@slate.com,+62 281 543 1274,2 Jay Place,Kalkal Barat,Indonesia,10/25/2022
110,Niles,Gailor,ngailor31@google.com,+55 202 691 4524,20 Namekagon Alley,Caçador,Brazil,3/11/2022
111,Worthy,Bourdice,wbourdice32@yolasite.com,+254 104 964 0384,9 Dexter Circle,Voi,Kenya,2/8/2022
112,Charlotta,Desseine,cdesseine33@ucoz.ru,+57 214 856 0580,7 Anhalt Circle,Majagual,Colombia,12/15/2022
113,Bowie,Cecil,bcecil34@hugedomains.com,+358 776 900 0518,03744 Blackbird Avenue,Kuhmo,Finland,9/5/2022
114,Raul,Beakes,rbeakes35@scribd.com,+55 963 999 9810,17 Glacier Hill Alley,Padre Bernardo,Brazil,12/30/2022
115,Astrix,Brightey,abrightey36@issuu.com,+86 682 215 7309,98066 Larry Trail,Zhongfang,China,9/5/2022
116,Inigo,Meneur,imeneur37@eepurl.com,+86 281 393 3645,39793 Montana Junction,Shayu,China,8/12/2022
117,Kellie,Mell,kmell38@de.vu,+63 889 256 6301,9 Fisk Plaza,Jalaud,Philippines,4/22/2022
118,Chantalle,Archibald,carchibald39@java.com,+86 695 750 3597,5982 Grayhawk Drive,Pangushan,China,4/11/2022
119,Maddalena,Piatek,mpiatek3a@google.nl,+502 595 314 8626,08822 Carey Alley,Almolonga,Guatemala,7/25/2022
120,Leland,Heinssen,lheinssen3b@behance.net,+963 580 915 8434,33015 Superior Way,Dhībīn,Syria,8/6/2022
121,Simonne,Dearing,sdearing3c@linkedin.com,+254 368 846 6167,749 Clyde Gallagher Alley,Narok,Kenya,8/15/2022
122,Othelia,Gateshill,ogateshill3d@fema.gov,+86 258 341 8243,67290 Raven Road,Jiakexi,China,4/3/2022
123,Oona,Wreiford,owreiford3e@nba.com,+63 900 531 1447,779 Grasskamp Place,Castañas,Philippines,2/18/2022
124,Ryon,Braemer,rbraemer3f@pbs.org,+62 932 421 5552,00 Troy Street,Brengkok,Indonesia,3/30/2022
125,Diane,Rawlingson,drawlingson3g@dailymail.co.uk,+372 746 417 1596,4 Ryan Road,Sindi,Estonia,1/31/2022
126,Basia,Kemetz,bkemetz3h@pagesperso-orange.fr,+86 894 525 3902,56769 Eagle Crest Parkway,Ningxi,China,12/3/2022
127,Otho,Kiln,okiln3i@unblog.fr,+237 957 606 1323,14401 Union Lane,Batouri,Cameroon,12/25/2022
128,Karlee,Varne,kvarne3j@google.com.au,+86 453 368 6854,885 Garrison Street,Longhua,China,10/10/2022
129,Marya,Bettlestone,mbettlestone3k@telegraph.co.uk,+374 422 205 8606,470 Talisman Alley,Hats’avan,Armenia,4/22/2022
130,Cordy,Abberley,cabberley3l@acquirethisname.com,+359 601 566 7403,475 Jenna Pass,Cherven Bryag,Bulgaria,12/12/2022
131,Dosi,Comusso,dcomusso3m@cafepress.com,+62 481 984 8028,76 Loomis Park,Cimanglid,Indonesia,3/7/2022
132,Jocko,Lindelof,jlindelof3n@sourceforge.net,+86 459 565 0374,4585 Quincy Drive,Situ,China,5/18/2022
133,Kylen,Gillinghams,kgillinghams3o@fastcompany.com,+86 956 610 4484,795 Saint Paul Crossing,Suchen,China,12/23/2022
134,Agustin,Eakins,aeakins3p@cdc.gov,+62 687 739 4178,5356 Vera Way,Cibatuireng,Indonesia,6/24/2022
135,Aylmar,Aristide,aaristide3q@ca.gov,+63 611 333 2826,19637 Green Place,Burgos,Philippines,6/27/2022
136,Beverley,Gellately,bgellately3r@alibaba.com,+62 294 715 3777,091 Cordelia Trail,Penanggungan,Indonesia,8/30/2022
137,Sofie,Lynnett,slynnett3s@illinois.edu,+31 957 451 5640,05 Twin Pines Drive,Best,Netherlands,4/18/2022
138,Felicle,Fernando,ffernando3t@prweb.com,+86 512 178 3517,099 Merry Hill,Zhaoxiang,China,3/19/2022
139,Lanni,Rowes,lrowes3u@taobao.com,+62 896 714 2040,583 Holmberg Trail,Rote,Indonesia,12/7/2022
140,Jarid,Wilcock,jwilcock3v@about.me,+62 911 563 1871,40 Westerfield Drive,Katur,Indonesia,1/10/2022
141,Giorgio,Quarterman,gquarterman3w@ycombinator.com,+33 835 478 5724,129 Butterfield Center,Nancy,France,12/11/2022
142,Cathrin,Scouler,cscouler3x@nytimes.com,+63 948 324 5310,836 Moland Place,Santiago,Philippines,4/27/2022
143,Joannes,Gurner,jgurner3y@craigslist.org,+86 381 603 8416,1 Jana Terrace,Duanshen,China,4/14/2022
144,Patsy,Georgelin,pgeorgelin3z@answers.com,+86 636 614 2298,93 Barby Court,Kuanghe,China,8/12/2022
145,Jarred,Cotgrave,jcotgrave40@techcrunch.com,+63 167 827 4233,391 Butterfield Circle,Patabog,Philippines,11/10/2022
146,Minor,Marczyk,mmarczyk41@eepurl.com,+358 377 833 5694,5713 Surrey Avenue,Harjavalta,Finland,7/21/2022
147,Charisse,Rozet,crozet42@woothemes.com,+86 998 160 4357,5344 Grover Hill,Fulin,China,3/1/2022
148,Marlo,Canedo,mcanedo43@google.pl,+46 320 996 3346,4451 Fieldstone Hill,Storuman,Sweden,12/1/2022
149,Webb,Durtnall,wdurtnall44@skype.com,+505 983 808 3567,700 Duke Court,Santo Domingo,Nicaragua,11/27/2022
150,Vevay,Pigford,vpigford45@tiny.cc,+33 875 908 5007,8949 Miller Street,Avignon,France,4/1/2022
151,Terry,Chadband,tchadband46@archive.org,+212 757 803 0455,9789 Hansons Court,Boulemane,Morocco,1/29/2022
152,Shepherd,Goodbairn,sgoodbairn47@buzzfeed.com,+351 115 595 1612,2564 Anthes Lane,Muro,Portugal,4/30/2022
153,Dody,Beushaw,dbeushaw48@weibo.com,+1 785 212 9591,20 Kings Road,Cornwall,Canada,1/10/2022
154,Mag,Kinforth,mkinforth49@vimeo.com,+378 712 944 8616,8 Scott Lane,Borgo Maggiore,San Marino,6/27/2022
155,Sabina,Cains,scains4a@cloudflare.com,+593 531 113 8040,809 Ludington Drive,Huaquillas,Ecuador,7/28/2022
156,Joane,Bettis,jbettis4b@paypal.com,+7 441 309 9106,12087 Cordelia Avenue,Baraba,Russia,3/2/2022
157,Cazzie,Renshell,crenshell4c@cornell.edu,+7 645 373 6441,67 Homewood Parkway,Shalya,Russia,10/13/2022
158,Glory,Nerne,gnerne4d@storify.com,+62 372 551 7396,24583 Mariners Cove Parkway,Galesong,Indonesia,10/31/2022
159,Theodoric,Peckett,tpeckett4e@home.pl,+27 394 551 8393,64 Kropf Crossing,Pietermaritzburg,South Africa,8/23/2022
160,Shane,Corradengo,scorradengo4f@economist.com,+996 580 125 4428,46 Veith Park,Iradan,Kyrgyzstan,12/17/2022
161,Fey,Whittle,fwhittle4g@si.edu,+86 827 369 0900,4 American Pass,Longping,China,1/13/2022
162,Matty,Barrows,mbarrows4h@flavors.me,+33 936 676 7411,2167 Fallview Street,Rennes,France,1/25/2022
163,Horacio,Dunkerk,hdunkerk4i@51.la,+7 799 211 2586,71 Del Sol Hill,Shilovo,Russia,9/3/2022
164,Guthry,Oels,goels4j@sun.com,+389 806 734 9253,91753 Pennsylvania Point,Centar Župa,Macedonia,2/9/2022
165,Davide,Stroban,dstroban4k@ft.com,+62 904 776 4422,76 Butterfield Court,Partikan,Indonesia,3/21/2022
166,Renell,Blazic,rblazic4l@ted.com,+48 125 764 4564,6838 Straubel Center,Rogóźno,Poland,9/3/2022
167,Goldy,Cabral,gcabral4m@mediafire.com,+968 563 936 0807,980 Gulseth Terrace,Barkā’,Oman,9/19/2022
168,Harlie,Kaley,hkaley4n@pbs.org,+98 415 625 9448,9061 Birchwood Place,Tonekābon,Iran,6/6/2022
169,Karel,Douglass,kdouglass4o@shareasale.com,+33 892 122 8965,9 Oneill Road,Arras,France,10/24/2022
170,Cornelle,Shearn,cshearn4p@who.int,+86 454 228 4089,3182 Pennsylvania Terrace,Qiankou,China,7/3/2022
171,Chas,Clayson,cclayson4q@networksolutions.com,+351 861 992 1945,8 Elgar Road,Cabo de Vila,Portugal,5/6/2022
172,Hugibert,Darco,hdarco4r@pbs.org,+46 897 205 5561,948 Derek Point,Göteborg,Sweden,10/18/2022
173,Blakeley,Mulvey,bmulvey4s@ucoz.com,+62 847 611 3331,27 Hallows Pass,Kuafeu,Indonesia,11/30/2022
174,Camile,Sivil,csivil4t@nhs.uk,+66 112 790 6169,845 Ramsey Hill,Chamni,Thailand,10/14/2022
175,Nanny,Dutnell,ndutnell4u@acquirethisname.com,+63 536 318 2186,27 Johnson Lane,San Jose,Philippines,3/6/2022
176,Elianora,Kubera,ekubera4v@huffingtonpost.com,+86 361 558 4571,520 Nelson Avenue,Shanshi,China,1/16/2022
177,Zorah,Malcher,zmalcher4w@ehow.com,+62 147 820 3456,99278 School Plaza,Kaduluhur,Indonesia,6/18/2022
178,Barret,Fisbey,bfisbey4x@nature.com,+56 988 237 7676,9 Corben Center,Frutillar,Chile,7/20/2022
179,Yale,Khosa,ykhosa4y@yale.edu,+63 881 986 0167,19611 Union Avenue,San Ramon,Philippines,1/19/2022
180,Jessi,Hultberg,jhultberg4z@cdc.gov,+234 769 918 4425,280 Lerdahl Place,Yamrat,Nigeria,1/11/2022
181,Yves,Normanvill,ynormanvill50@census.gov,+62 189 933 0314,48 Mandrake Pass,Karanggintung,Indonesia,2/27/2022
182,Hermione,Mewrcik,hmewrcik51@tuttocitta.it,+62 821 656 0259,227 Bellgrove Drive,Krajan Tekung,Indonesia,6/3/2022
183,Christy,Beere,cbeere52@i2i.jp,+57 320 972 6850,0887 Dottie Hill,San Luis,Colombia,3/16/2022
184,Keeley,Baily,kbaily53@facebook.com,+7 905 671 6952,23 Susan Circle,Slobodskoy,Russia,9/7/2022
185,Angil,Vampouille,avampouille54@foxnews.com,+86 899 969 3150,03184 Granby Plaza,Serikbuya,China,3/16/2022
186,Roosevelt,Brownsea,rbrownsea55@go.com,+998 969 570 2504,037 Steensland Point,Chust Shahri,Uzbekistan,12/17/2022
187,Lynett,McLarty,lmclarty56@biglobe.ne.jp,+86 749 934 1538,632 Oneill Street,Shuangmiaojie,China,11/26/2022
188,Rosanne,Ianittello,rianittello57@symantec.com,+420 519 393 7491,72876 Longview Avenue,Žlutice,Czech Republic,11/8/2022
189,Fax,Taaffe,ftaaffe58@yale.edu,+254 792 405 6222,74 Graceland Park,Lodwar,Kenya,10/16/2022
190,Christen,Millwater,cmillwater59@sbwire.com,+351 367 836 1107,2085 Algoma Road,Casais de Revelhos,Portugal,12/4/2022
191,Lorette,Errigo,lerrigo5a@digg.com,+86 597 474 4540,7586 Mifflin Avenue,Youcheng,China,4/11/2022
192,Ronny,Bernardinelli,rbernardinelli5b@miibeian.gov.cn,+55 329 636 7165,6 Summit Point,São Sebastião do Caí,Brazil,4/4/2022
193,Sinclair,Endrizzi,sendrizzi5c@oaic.gov.au,+86 434 856 5389,484 Drewry Center,Shoushan,China,3/26/2022
194,Adey,Bricknell,abricknell5d@java.com,+66 804 710 4264,32 Prairie Rose Terrace,Wachira Barami,Thailand,1/1/2022
195,Daryl,Sturgess,dsturgess5e@cdc.gov,+66 761 391 6122,54 Hoffman Center,Ban Mai,Thailand,9/26/2022
196,Ferdinand,Aistrop,faistrop5f@soundcloud.com,+86 609 297 5932,498 Oak Point,Guancheng,China,10/1/2022
197,Allix,Gilroy,agilroy5g@techcrunch.com,+86 513 765 3568,36519 Grasskamp Alley,Jinquan,China,3/6/2022
198,Rosemarie,Martensen,rmartensen5h@elpais.com,+44 807 935 9438,774 Kinsman Court,Seaton,United Kingdom,8/7/2022
199,Abdul,Saul,asaul5i@go.com,+63 404 971 9488,2 Grayhawk Center,Pulo,Philippines,6/22/2022
200,Dorella,Skitch,dskitch5j@huffingtonpost.com,+7 630 657 5947,68 Toban Way,Krasnokamensk,Russia,6/5/2022
201,Wilt,Tapin,wtapin5k@miitbeian.gov.cn,+62 672 995 3657,208 Sachs Crossing,Guder Lao,Indonesia,10/28/2022
202,Laurene,Diehn,ldiehn5l@seesaa.net,+52 902 221 5399,41 Waywood Drive,San Sebastian,Mexico,6/7/2022
203,Ame,Munns,amunns5m@networksolutions.com,+52 409 805 4504,03119 7th Parkway,18 de Marzo,Mexico,6/19/2022
204,Rickert,Dutteridge,rdutteridge5n@youku.com,+55 907 233 0465,1193 Lillian Drive,Carianos,Brazil,10/22/2022
205,Patrizia,Brandli,pbrandli5o@artisteer.com,+1 801 759 7949,36482 Graedel Center,Salt Lake City,United States,5/10/2022
206,Emily,Cuffe,ecuffe5p@chicagotribune.com,+976 253 139 4139,3 Chinook Terrace,Mandal,Mongolia,7/30/2022
207,Julia,Surgeon,jsurgeon5q@upenn.edu,+7 675 202 1513,3713 Lotheville Avenue,Starominskaya,Russia,2/28/2022
208,Moshe,Philpotts,mphilpotts5r@examiner.com,+86 281 197 0852,340 Elgar Junction,Limen,China,9/3/2022
209,Rollo,Pierson,rpierson5s@cnet.com,+970 503 924 2230,9576 High Crossing Alley,Tayāsīr,Palestinian Territory,10/10/2022
210,Rees,Edowes,redowes5t@live.com,+355 652 134 2168,3 Division Avenue,Allkaj,Albania,5/29/2022
211,Pate,Thacker,pthacker5u@spiegel.de,+63 909 528 2184,7 Superior Circle,Dacudao,Philippines,1/11/2022
212,Elbertina,Fathers,efathers5v@netvibes.com,+86 559 886 9210,6 South Avenue,Enhe Hada,China,12/25/2022
213,Hammad,Dufaire,hdufaire5w@indiegogo.com,+58 907 515 1087,6511 Northview Lane,Higuerote,Venezuela,6/2/2022
214,Theodore,Cano,tcano5x@flickr.com,+7 543 725 3917,48 Bay Circle,Lenīnskīy,Kazakhstan,10/23/2022
215,Granthem,Magrannell,gmagrannell5y@weebly.com,+380 410 187 8462,7 Ruskin Circle,Kvasy,Ukraine,6/22/2022
216,Nancie,Blofeld,nblofeld5z@etsy.com,+7 986 134 1116,6738 Schurz Way,Rassvet,Russia,6/10/2022
217,Caressa,Maker,cmaker60@deliciousdays.com,+86 963 567 2488,44 Magdeline Pass,Sanxi,China,1/11/2022
218,Gustavus,Clemont,gclemont61@i2i.jp,+351 606 664 2158,44 Holy Cross Point,Cardal,Portugal,1/30/2022
219,Gregory,Pearl,gpearl62@bbc.co.uk,+66 725 106 3373,4515 Graceland Street,Krabi,Thailand,9/24/2022
220,Zacharie,Alcock,zalcock63@smh.com.au,+351 475 655 7059,6559 Hintze Street,Boco,Portugal,2/3/2022
221,Joey,Culcheth,jculcheth64@walmart.com,+86 198 763 8044,45184 Mitchell Center,Taipingchuan,China,4/17/2022
222,Rebecka,Syddall,rsyddall65@google.com,+57 574 190 0822,89258 Victoria Trail,Puerto Berrío,Colombia,7/12/2022
223,Lissy,Fulk,lfulk66@icq.com,+7 146 105 0716,971 2nd Parkway,Navashino,Russia,3/23/2022
224,Tracee,Scholard,tscholard67@usatoday.com,+86 157 723 6639,623 Everett Center,Qixia,China,4/18/2022
225,Alyce,Lightning,alightning68@abc.net.au,+86 993 769 4771,471 Amoth Hill,Malianzhuang,China,3/9/2022
226,Jule,Crawshaw,jcrawshaw69@addthis.com,+86 519 646 5149,797 Lukken Terrace,Fengxizhai,China,6/26/2022
227,Juana,Merritt,jmerritt6a@va.gov,+62 642 555 4458,08 Fairfield Hill,Sukowono,Indonesia,9/6/2022
228,Hanna,Vockings,hvockings6b@nba.com,+86 375 961 3708,00212 Vidon Trail,Chuanshan,China,11/12/2022
229,Blake,Renish,brenish6c@gnu.org,+86 795 305 1696,1 Warner Drive,Renxian,China,9/23/2022
230,Priscella,Whitington,pwhitington6d@opensource.org,+93 413 840 9667,4 Holmberg Circle,Tsapêraī,Afghanistan,6/8/2022
231,Eddi,Goldsbury,egoldsbury6e@amazon.com,+81 247 407 7573,30259 Kedzie Lane,Marumori,Japan,5/24/2022
232,Kip,Ramm,kramm6f@nba.com,+7 904 904 1132,78 Anhalt Trail,Gorshechnoye,Russia,2/9/2022
233,Mavra,Dover,mdover6g@surveymonkey.com,+63 492 117 1389,62014 Jana Lane,Armenia,Philippines,8/3/2022
234,Afton,Ivanov,aivanov6h@simplemachines.org,+62 800 266 6380,51 Springs Trail,Banjarsari,Indonesia,5/27/2022
235,Cornelius,Keppe,ckeppe6i@illinois.edu,+86 949 421 2126,395 Onsgard Alley,Jinshandian,China,10/12/2022
236,Nancie,Logesdale,nlogesdale6j@bluehost.com,+98 337 870 0031,2667 Stephen Park,Marvdasht,Iran,11/10/2022
237,Vernice,McMenamie,vmcmenamie6k@va.gov,+62 955 287 3103,76878 Jana Way,Sambong,Indonesia,11/12/2022
238,Matelda,Moff,mmoff6l@go.com,+502 755 889 4923,1581 Merrick Pass,Ostuncalco,Guatemala,12/3/2022
239,Tully,Matityahu,tmatityahu6m@pbs.org,+420 998 298 6180,244 Coleman Road,Zvole,Czech Republic,2/18/2022
240,Jilli,Mohammed,jmohammed6n@uol.com.br,+225 771 191 4336,20178 Kings Point,Abengourou,Ivory Coast,8/28/2022
241,Noell,Gianullo,ngianullo6o@spiegel.de,+84 675 753 0805,6 Caliangt Pass,Thị Trấn Ngọc Lặc,Vietnam,1/31/2022
242,Leontyne,Neville,lneville6p@google.com.au,+86 958 539 1066,80 Schiller Alley,Qingshui,China,10/31/2022
243,Rafael,Mattersley,rmattersley6q@bloglovin.com,+33 224 853 8651,923 Anderson Road,Mont-de-Marsan,France,1/22/2022
244,Joelie,Dreossi,jdreossi6r@state.gov,+351 987 183 3717,02 Crest Line Pass,Cuba,Portugal,6/4/2022
245,Muriel,De Gregoli,mdegregoli6s@liveinternet.ru,+7 364 601 3365,1 Dahle Junction,Uglovoye,Russia,11/1/2022
246,Elsinore,de Lloyd,edelloyd6t@intel.com,+86 352 208 6003,4391 Shopko Center,Tanbu,China,4/29/2022
247,Nedda,Nolleth,nnolleth6u@ebay.co.uk,+7 702 115 5013,2 Lawn Parkway,Kovernino,Russia,7/29/2022
248,Hieronymus,Bootell,hbootell6v@oracle.com,+58 918 524 9407,60 Ludington Center,Santa Ana,Venezuela,9/11/2022
249,Meris,Dinan,mdinan6w@wp.com,+972 531 400 5364,70 Veith Junction,Qiryat Yam,Israel,11/15/2022
250,Paquito,Mews,pmews6x@weibo.com,+27 361 877 0624,6530 Blaine Place,White River,South Africa,8/15/2022
251,Gwenny,Mouland,gmouland6y@scribd.com,+86 912 953 1482,5147 3rd Pass,Huangtu,China,1/15/2022
252,Dennet,Wedgbrow,dwedgbrow6z@behance.net,+62 453 533 9940,8701 Dunning Place,Wailolong,Indonesia,10/17/2022
253,Leland,Duferie,lduferie70@ezinearticles.com,+86 746 297 5431,15800 Melby Lane,Shuiyang,China,8/23/2022
254,Jean,Wellstood,jwellstood71@sun.com,+62 782 133 2992,8578 Dahle Plaza,Batuidu,Indonesia,9/24/2022
255,Cristionna,Kilmurry,ckilmurry72@gnu.org,+373 439 140 7148,5 Forest Dale Crossing,Ciorescu,Moldova,9/30/2022
256,Barbey,Gladtbach,bgladtbach73@vistaprint.com,+63 501 993 5971,39256 Waubesa Center,Liboran,Philippines,10/26/2022
257,Genni,Piesing,gpiesing74@phpbb.com,+86 109 940 3544,0 Lakewood Gardens Alley,Yanbei,China,4/11/2022
258,Pooh,Burr,pburr75@google.com,+55 672 335 7516,8 Graedel Avenue,Realeza,Brazil,7/21/2022
259,Joy,Purcer,jpurcer76@nasa.gov,+33 888 159 0767,83824 Ramsey Court,Limoges,France,6/17/2022
260,Tildi,Biagi,tbiagi77@360.cn,+86 788 592 1299,4626 Eagan Lane,Buchou,China,11/2/2022
261,Westley,Mityukov,wmityukov78@nbcnews.com,+374 357 779 7220,2921 Spenser Place,Sevan,Armenia,6/14/2022
262,Miof mela,Devonish,mdevonish79@elpais.com,+86 953 757 9444,4 Killdeer Center,Hekou,China,5/18/2022
263,Galen,Darrington,gdarrington7a@huffingtonpost.com,+1 456 985 3427,31 Loomis Crossing,Byera Village,Saint Vincent and the Grenadines,10/24/2022
264,Malcolm,Dionisetto,mdionisetto7b@godaddy.com,+86 338 750 3488,03 Texas Parkway,Dukou,China,3/23/2022
265,Salomon,Wankling,swankling7c@cdbaby.com,+46 204 985 8700,109 Hanover Alley,Eskilstuna,Sweden,4/15/2022
266,Amelie,Hanaford,ahanaford7d@booking.com,+420 553 300 6895,84 Sullivan Plaza,Broumov,Czech Republic,3/22/2022
267,Maisey,Ondrus,mondrus7e@example.com,+7 104 809 0066,14239 Di Loreto Point,Verkhneye Kazanishche,Russia,2/15/2022
268,Marianne,Nickoles,mnickoles7f@mtv.com,+7 581 551 4435,18 Raven Court,Sasykoli,Russia,2/22/2022
269,Odele,Scawton,oscawton7g@geocities.com,+381 926 462 8746,96 Bobwhite Alley,Kamenica,Serbia,1/13/2022
270,Dollie,Ferras,dferras7h@fotki.com,+86 329 300 2551,0 Novick Alley,Shuikou,China,12/14/2022
271,Joli,Purbrick,jpurbrick7i@domainmarket.com,+1 571 986 8206,4 Sutherland Crossing,Dulles,United States,1/3/2022
272,Clarice,Odgaard,codgaard7j@chron.com,+375 837 784 8441,80702 Norway Maple Junction,Kosava,Belarus,1/26/2022
273,Amalle,Waldocke,awaldocke7k@mapy.cz,+86 322 464 7496,022 Butternut Lane,Shuangshan,China,3/23/2022
274,Sharon,Clawsley,sclawsley7l@deliciousdays.com,+62 560 145 3208,19422 Hagan Drive,Bangker,Indonesia,11/5/2022
275,Elianore,Alasdair,ealasdair7m@dell.com,+254 505 182 0863,3169 Lotheville Lane,Kiambu,Kenya,5/21/2022
276,Shermie,Heathwood,sheathwood7n@soup.io,+234 792 584 2459,27767 Lawn Alley,Sofo-Birnin-Gwari,Nigeria,9/9/2022
277,Kariotta,Giblin,kgiblin7o@wix.com,+86 461 382 6191,4 Steensland Center,Hezhang,China,3/24/2022
278,Wandis,Greber,wgreber7p@admin.ch,+30 853 330 1077,15758 Alpine Plaza,Ágios Spyrídon,Greece,3/14/2022
279,Sunny,Bareford,sbareford7q@phoca.cz,+359 532 828 0647,32773 Mockingbird Court,Debelets,Bulgaria,5/2/2022
280,Avictor,Hamm,ahamm7r@ameblo.jp,+62 216 561 5868,13599 Glendale Crossing,Desa Kertasari,Indonesia,8/14/2022
281,Flori,Watton,fwatton7s@ask.com,+7 599 557 6749,190 Redwing Court,Staryy Togul,Russia,11/4/2022
282,Bear,Ernke,bernke7t@edublogs.org,+1 719 663 4007,11928 Vernon Center,Colorado Springs,United States,4/19/2022
283,Aurelie,Dark,adark7u@ning.com,+81 127 640 6964,308 Debs Street,Kitahiroshima,Japan,2/4/2022
284,Allyce,Dilks,adilks7v@arizona.edu,+48 248 784 7412,4804 Continental Hill,Borne Sulinowo,Poland,3/28/2022
285,Justinian,Litster,jlitster7w@mysql.com,+62 160 515 4467,6 Lerdahl Street,Genang,Indonesia,4/13/2022
286,Leodora,Armsby,larmsby7x@ifeng.com,+62 726 761 4551,12 Hanson Junction,Sungai Nyamuk,Indonesia,4/20/2022
287,Chrissy,Santore,csantore7y@bloglovin.com,+86 181 703 1792,895 High Crossing Trail,Heka,China,2/20/2022
288,Lorenza,O'Doghesty,lodoghesty7z@google.com.br,+380 455 372 6474,722 Tennessee Parkway,Kirovs’k,Ukraine,6/11/2022
289,Bendicty,Corstorphine,bcorstorphine80@blogger.com,+33 581 795 3444,0748 Meadow Vale Plaza,Saint-Quentin-en-Yvelines,France,4/29/2022
290,Currie,Grimshaw,cgrimshaw81@homestead.com,+992 597 917 3153,85 Graedel Alley,Adrasmon,Tajikistan,8/7/2022
291,Burch,Schohier,bschohier82@cyberchimps.com,+30 480 664 8657,5400 Coleman Court,Kallithéa,Greece,4/4/2022
292,Dale,Yarwood,dyarwood83@sphinn.com,+86 769 901 5958,2000 3rd Trail,Changkeng,China,2/21/2022
293,Davine,Swatradge,dswatradge84@altervista.org,+351 558 437 3669,46 Northport Circle,Pinhal Novo,Portugal,4/23/2022
294,Paloma,Langfield,plangfield85@seesaa.net,+351 230 692 6476,3 Sugar Parkway,Alcains,Portugal,4/17/2022
295,Amii,Lohde,alohde86@jiathis.com,+507 463 452 8323,34074 Hovde Plaza,El Progreso,Panama,6/29/2022
296,Philbert,Hully,phully87@auda.org.au,+7 732 237 0032,81972 Muir Road,Kovdor,Russia,1/29/2022
297,Amerigo,Stolz,astolz88@google.nl,+54 151 249 2578,6 Golf Plaza,Villa Paula de Sarmiento,Argentina,3/23/2022
298,Dollie,Filipovic,dfilipovic89@dailymail.co.uk,+351 444 251 3530,15 Corscot Crossing,Pombal,Portugal,8/29/2022
299,Silvan,Knight,sknight8a@yahoo.com,+81 373 682 1975,0286 Grayhawk Junction,Ashiya,Japan,8/13/2022
300,Noami,Farloe,nfarloe8b@instagram.com,+86 795 577 7686,0 Manley Road,Jingzhou,China,6/23/2022
301,Alameda,Baccus,abaccus8c@yelp.com,+33 288 731 8918,2344 Declaration Place,Mitry-Mory,France,8/9/2022
302,Starlin,Haselwood,shaselwood8d@smugmug.com,+81 286 359 5457,936 Oxford Drive,Kagoshima-shi,Japan,6/5/2022
303,Deny,McGreal,dmcgreal8e@mozilla.org,+62 179 373 5611,022 Pierstorff Way,Badung,Indonesia,2/20/2022
304,Yanaton,Millington,ymillington8f@bizjournals.com,+81 877 576 7506,3974 Little Fleur Avenue,Sukumo,Japan,2/2/2022
305,Edith,Zylberdik,ezylberdik8g@histats.com,+86 242 808 9058,89429 Farmco Parkway,Jialai,China,6/8/2022
306,Abra,Hardes,ahardes8h@state.gov,+46 846 910 2870,225 Vera Drive,Järfälla,Sweden,6/8/2022
307,Georgetta,Gockeler,ggockeler8i@uol.com.br,+62 571 940 0466,29603 Rockefeller Park,Sendangagung,Indonesia,1/31/2022
308,Annemarie,Carpe,acarpe8j@eepurl.com,+62 109 391 6036,39744 Spenser Lane,Cihaur,Indonesia,10/4/2022
309,Emmalyn,Dreakin,edreakin8k@acquirethisname.com,+63 856 478 8804,59 Badeau Junction,Santa Justina,Philippines,12/24/2022
310,Chrystal,Lotherington,clotherington8l@baidu.com,+55 263 606 5411,3 Dapin Court,Rancharia,Brazil,5/5/2022
311,Deva,Allwell,dallwell8m@indiegogo.com,+7 450 671 1715,59 Kennedy Parkway,Uryupinsk,Russia,8/15/2022
312,Michelina,Antuoni,mantuoni8n@sbwire.com,+420 571 147 8258,8006 Nobel Avenue,Tuchlovice,Czech Republic,9/27/2022
313,Vachel,Tortice,vtortice8o@mashable.com,+63 245 503 2387,83 Upham Terrace,Maluanluan,Philippines,1/29/2022
314,Heloise,Deporte,hdeporte8p@cpanel.net,+53 196 447 2577,982 Steensland Hill,Báguanos,Cuba,12/17/2022
315,Wendell,Deverille,wdeverille8q@psu.edu,+850 821 914 3057,80 Towne Road,Hoeyang,North Korea,7/24/2022
316,Katharine,Catton,kcatton8r@pbs.org,+223 451 546 3765,85 Bluejay Court,Diré,Mali,8/18/2022
317,Laurella,Bausor,lbausor8s@time.com,+1 510 133 1796,8 Glacier Hill Alley,Oakland,United States,10/5/2022
318,Chrissy,Reisen,creisen8t@springer.com,+691 195 533 7908,832 Del Sol Place,Lamotrek,Micronesia,6/10/2022
319,Nerti,Avraam,navraam8u@a8.net,+375 718 257 1596,17 Red Cloud Center,Khalopyenichy,Belarus,12/5/2022
320,Ludovico,Geldeard,lgeldeard8v@usa.gov,+86 336 900 1264,63 Anthes Park,Mizhou,China,8/14/2022
321,Deanna,Highman,dhighman8w@fastcompany.com,+86 560 977 0287,49925 Vahlen Court,Wangyi Zhendian,China,10/17/2022
322,Sergent,Rego,srego8x@google.ru,+351 878 151 4567,0 Chinook Circle,Balazar,Portugal,5/4/2022
323,Kathy,O'Sherrin,kosherrin8y@histats.com,+62 704 692 6368,0812 Del Mar Avenue,Majennang,Indonesia,12/4/2022
324,Vivie,Nellis,vnellis8z@dot.gov,+86 135 431 0474,8275 Towne Avenue,Jinbo,China,2/1/2022
325,Abbey,MacDermid,amacdermid90@odnoklassniki.ru,+62 104 467 4292,8292 Elka Park,Kuncen,Indonesia,12/21/2022
326,Golda,Daymont,gdaymont91@goodreads.com,+380 282 842 0463,42748 Dakota Circle,Uzhhorod,Ukraine,4/29/2022
327,Nikola,Mitcheson,nmitcheson92@ocn.ne.jp,+33 799 584 2911,3136 Fieldstone Parkway,Arles,France,7/28/2022
328,Nessie,Wride,nwride93@cpanel.net,+55 487 547 6524,5 Sauthoff Hill,Porangaba,Brazil,10/30/2022
329,Tallulah,Primak,tprimak94@amazon.com,+86 164 134 6894,1402 Stone Corner Point,Xiancun,China,2/17/2022
330,Nelson,Rudolph,nrudolph95@dropbox.com,+62 198 302 4822,3661 Barnett Trail,Rawa Satu,Indonesia,9/13/2022
331,Waylon,Cote,wcote96@nytimes.com,+84 477 318 0217,86987 Susan Court,Dĩ An,Vietnam,8/26/2022
332,Deana,Grinyov,dgrinyov97@wp.com,+86 874 990 2225,946 Kenwood Park,Baizhang,China,9/8/2022
333,Clarinda,Mallya,cmallya98@meetup.com,+55 190 115 0503,031 Paget Junction,Santa Inês,Brazil,4/5/2022
334,Loutitia,Yann,lyann99@latimes.com,+86 762 798 8807,4890 Atwood Court,Dongxiao,China,10/19/2022
335,Ailina,De Blasi,adeblasi9a@unicef.org,+503 597 391 2617,94759 Merry Street,San Antonio del Monte,El Salvador,6/7/2022
336,Kippy,Dundridge,kdundridge9b@last.fm,+359 195 996 5359,784 4th Circle,Kaolinovo,Bulgaria,7/29/2022
337,Moise,Gutridge,mgutridge9c@networksolutions.com,+420 879 631 0680,42 North Road,Horní Suchá,Czech Republic,10/19/2022
338,Camellia,Baird,cbaird9d@cmu.edu,+63 213 982 8338,9 Namekagon Crossing,Tampocon,Philippines,5/24/2022
339,Nelson,Cotesford,ncotesford9e@ted.com,+385 240 472 7123,53536 Clove Court,Jadranovo,Croatia,10/6/2022
340,Cathrin,Dulany,cdulany9f@weebly.com,+225 703 788 3725,89358 Grayhawk Way,Daoukro,Ivory Coast,12/28/2022
341,Ethelbert,Kubera,ekubera9g@theguardian.com,+46 450 371 5448,37 Granby Junction,Laholm,Sweden,12/18/2022
342,Aube,Heitz,aheitz9h@howstuffworks.com,+86 574 354 7938,075 Coolidge Parkway,Pingshan,China,11/30/2022
343,Katerina,Sommerton,ksommerton9i@npr.org,+353 822 268 1992,511 Dahle Street,Foxrock,Ireland,5/1/2022
344,Arabele,Foden,afoden9j@imdb.com,+93 442 531 1888,8671 Marcy Alley,Markaz-e Ḩukūmat-e Darwēshān,Afghanistan,6/25/2022
345,Lin,Maggiori,lmaggiori9k@unicef.org,+976 796 655 2039,49 Brickson Park Junction,Holboo,Mongolia,1/22/2022
346,Denni,McKeller,dmckeller9l@cbsnews.com,+62 500 617 8324,8975 Ridgeway Avenue,Pondohan,Indonesia,9/23/2022
347,Nickolas,Coppard,ncoppard9m@feedburner.com,+509 897 334 2559,70 Pearson Drive,Bombardopolis,Haiti,10/27/2022
348,Betsey,Usher,busher9n@gov.uk,+86 943 197 4200,3468 Graceland Crossing,Baimangpu,China,9/13/2022
349,Kevon,Radenhurst,kradenhurst9o@google.nl,+685 751 183 9532,4477 Clyde Gallagher Pass,Vaiusu,Samoa,2/28/2022
350,Sibyl,Kunert,skunert9p@dailymotion.com,+86 373 708 0109,77 5th Plaza,Lipu,China,4/10/2022
351,Maryellen,Mucillo,mmucillo9q@histats.com,+86 981 929 7026,773 Larry Hill,Zhongshan,China,7/28/2022
352,Ethelyn,Quesne,equesne9r@psu.edu,+34 478 837 5293,5115 Kedzie Court,Santander,Spain,12/2/2022
353,Abrahan,Crannage,acrannage9s@google.cn,+380 682 801 6594,83 Susan Circle,Zuya,Ukraine,1/23/2022
354,Honey,Lyal,hlyal9t@gravatar.com,+7 784 851 5169,984 Florence Circle,Suzëmka,Russia,4/12/2022
355,Jory,Murdie,jmurdie9u@goodreads.com,+86 121 557 6322,85906 Corry Center,Dongke,China,5/21/2022
356,Mickie,Malarkey,mmalarkey9v@addthis.com,+48 945 877 6260,67274 Dakota Drive,Piątnica,Poland,11/17/2022
357,Nyssa,Perigeaux,nperigeaux9w@examiner.com,+358 557 250 1702,1333 Orin Trail,Asikkala,Finland,11/16/2022
358,Chase,Seligson,cseligson9x@phoca.cz,+33 861 972 4118,55475 Crescent Oaks Terrace,Issy-les-Moulineaux,France,2/17/2022
359,Constance,Marfe,cmarfe9y@pagesperso-orange.fr,+62 275 471 3683,762 Briar Crest Way,Tugusirna,Indonesia,6/12/2022
360,Wright,Prynne,wprynne9z@purevolume.com,+1 555 189 0172,33234 Manley Center,San Francisco de Macorís,Dominican Republic,9/23/2022
361,Jolynn,Crofthwaite,jcrofthwaitea0@gnu.org,+62 276 944 1371,88 Dottie Road,Wajak,Indonesia,12/18/2022
362,Mella,Franceschielli,mfranceschiellia1@istockphoto.com,+48 215 995 2046,56014 Algoma Parkway,Przemków,Poland,3/21/2022
363,Trix,Samways,tsamwaysa2@google.co.uk,+46 783 907 1733,45685 Fallview Hill,Hässleholm,Sweden,11/19/2022
364,Ginger,Torrecilla,gtorrecillaa3@princeton.edu,+48 830 531 2269,08544 Russell Alley,Słońsk,Poland,11/27/2022
365,Vonnie,Jakubski,vjakubskia4@gizmodo.com,+251 333 327 9903,2988 Vermont Junction,Dabat,Ethiopia,4/26/2022
366,Gillan,Bloxholm,gbloxholma5@tripod.com,+66 755 614 0887,497 Loeprich Drive,Cho-airong,Thailand,10/16/2022
367,Hedwiga,Mathen,hmathena6@webmd.com,+355 687 643 5892,62389 Dorton Trail,Shezë,Albania,7/8/2022
368,Claudio,Conlon,cconlona7@amazon.de,+356 405 465 8114,3 Claremont Pass,Għaxaq,Malta,6/30/2022
369,Carlyle,Matussow,cmatussowa8@ox.ac.uk,+389 649 181 4812,09 Nova Court,Debar,Macedonia,2/4/2022
370,Andre,Eliasen,aeliasena9@ihg.com,+52 993 658 3913,1690 Magdeline Court,Emiliano Zapata,Mexico,12/22/2022
371,Balduin,Sneaker,bsneakeraa@barnesandnoble.com,+7 341 422 6684,34 Montana Hill,Fakel,Russia,9/8/2022
372,Dorothee,Bettington,dbettingtonab@fotki.com,+380 293 907 7372,0915 South Road,Lebedyn,Ukraine,8/19/2022
373,Verena,Fancott,vfancottac@mac.com,+234 758 187 9260,5156 Meadow Ridge Place,Kari,Nigeria,2/20/2022
374,Rhoda,Klas,rklasad@salon.com,+7 332 403 0509,9336 Kipling Plaza,Kuzhorskaya,Russia,6/5/2022
375,Carlotta,Legon,clegonae@newsvine.com,+86 833 565 0516,21 Meadow Vale Center,Huangjiakou,China,7/31/2022
376,Kevin,McSweeney,kmcsweeneyaf@ovh.net,+227 585 658 8898,3 Cordelia Point,Téra,Niger,12/9/2022
377,Quintin,Corrado,qcorradoag@slate.com,+352 449 718 3457,48 Mosinee Terrace,Beaufort,Luxembourg,3/12/2022
378,Ian,Vane,ivaneah@mysql.com,+507 563 319 7113,00332 Bartelt Avenue,El Copé,Panama,8/12/2022
379,Jan,Glanders,jglandersai@moonfruit.com,+33 315 510 1825,36 Goodland Place,Chambéry,France,11/26/2022
380,Neddie,Mycock,nmycockaj@omniture.com,+502 961 319 6909,4987 Cherokee Hill,Patulul,Guatemala,3/18/2022
381,Milt,Doorly,mdoorlyak@quantcast.com,+961 274 480 9782,575 Mandrake Court,Marjayoûn,Lebanon,11/12/2022
382,Theressa,Jenkison,tjenkisonal@bbb.org,+81 279 433 8118,409 Parkside Circle,Higashimurayama-shi,Japan,5/24/2022
383,Rosmunda,Derrett,rderrettam@opera.com,+7 597 764 6424,514 Waxwing Circle,Sinegorskiy,Russia,1/14/2022
384,Basile,Divis,bdivisan@hatena.ne.jp,+63 233 231 4913,86 Spenser Plaza,Balangkayan,Philippines,4/14/2022
385,Blaire,Fuxman,bfuxmanao@hc360.com,+62 726 138 0006,3015 Lawn Lane,Banjar Buahan,Indonesia,9/8/2022
386,Lou,Bounde,lboundeap@google.es,+46 517 131 4764,89438 Meadow Vale Court,Kävlinge,Sweden,12/1/2022
387,Chet,Phateplace,cphateplaceaq@reuters.com,+48 774 943 5054,2080 Emmet Place,Rzozów,Poland,2/26/2022
388,Tyne,Batchelour,tbatchelourar@stanford.edu,+63 814 810 4145,59 Bluestem Court,Ransang,Philippines,9/12/2022
389,Pattie,Muston,pmustonas@spotify.com,+374 239 290 5827,3726 Clove Pass,Dvin,Armenia,9/15/2022
390,Lucila,Dunnet,ldunnetat@nasa.gov,+7 182 140 3522,3 Bartillon Court,Nyrob,Russia,7/12/2022
391,Lilias,Fransson,lfranssonau@guardian.co.uk,+48 481 878 2898,1263 Swallow Plaza,Sawin,Poland,5/17/2022
392,Elspeth,Howton,ehowtonav@msn.com,+7 255 235 5712,3 Hintze Road,Miass,Russia,12/11/2022
393,Worthington,Kilmary,wkilmaryaw@biblegateway.com,+62 255 269 1797,1579 Sullivan Crossing,Kadumelati,Indonesia,8/31/2022
394,Timothy,Petrello,tpetrelloax@webmd.com,+381 483 211 6864,065 Meadow Valley Center,Riđica,Serbia,1/11/2022
395,Kayle,Throughton,kthroughtonay@miibeian.gov.cn,+1 901 610 1161,0 East Hill,Memphis,United States,11/12/2022
396,Valentin,Filyushkin,vfilyushkinaz@yolasite.com,+86 729 342 2719,5 Grover Pass,Yong’an,China,12/1/2022
397,Audie,Kareman,akaremanb0@stumbleupon.com,+62 539 492 0690,64 Summerview Alley,Tebluru,Indonesia,7/31/2022
398,Gavin,Tiptaft,gtiptaftb1@shinystat.com,+62 189 309 2448,82 Pankratz Junction,Pangtangis Dajah,Indonesia,6/7/2022
399,Bailey,Dewdeny,bdewdenyb2@upenn.edu,+266 349 160 4564,20 Paget Road,Maseru,Lesotho,5/6/2022
400,Delmore,Maybury,dmayburyb3@google.nl,+593 614 643 7796,90 Eastlawn Trail,Zamora,Ecuador,11/10/2022
401,Bernadette,Turville,bturvilleb4@kickstarter.com,+86 445 987 2522,3765 Kings Avenue,Xiaozhi,China,10/15/2022
402,Heath,Kmiec,hkmiecb5@hud.gov,+7 491 546 4389,1 David Trail,Kagal’nitskaya,Russia,4/26/2022
403,Edithe,Noblett,enoblettb6@gnu.org,+234 785 246 4060,9 Harper Junction,Dankalwa,Nigeria,4/18/2022
404,Mufinella,Rampage,mrampageb7@bravesites.com,+48 568 497 2072,8 Sloan Center,Zbrosławice,Poland,9/4/2022
405,Felicio,Berkeley,fberkeleyb8@last.fm,+1 996 406 3840,390 Aberg Place,Hostos,Dominican Republic,4/29/2022
406,Tuesday,Boog,tboogb9@flavors.me,+86 286 228 8960,04 Northland Hill,Zhougao,China,3/5/2022
407,Fania,Mammatt,fmammattba@loc.gov,+66 468 800 1789,5 Beilfuss Drive,Prang Ku,Thailand,1/22/2022
408,Daryl,Stirrup,dstirrupbb@dagondesign.com,+351 437 777 0580,7 Warbler Road,Barbudo,Portugal,2/28/2022
409,Brok,Wyon,bwyonbc@reverbnation.com,+1 202 970 3189,4093 Lighthouse Bay Court,Washington,United States,4/24/2022
410,Kaila,Brasseur,kbrasseurbd@skype.com,+234 158 868 2372,81184 Gulseth Place,Owerri,Nigeria,4/19/2022
411,Berrie,Bitterton,bbittertonbe@fotki.com,+54 193 149 5108,31058 Rutledge Center,Empedrado,Argentina,12/29/2022
412,Ibrahim,Duddin,iduddinbf@admin.ch,+351 730 984 9880,021 Nancy Trail,Lapas,Portugal,7/5/2022
413,Colene,De-Ville,cdevillebg@booking.com,+380 106 652 1744,48 Goodland Pass,Kozyatyn,Ukraine,6/4/2022
414,Thalia,Casper,tcasperbh@auda.org.au,+86 274 503 8242,670 Ilene Plaza,Kangping,China,2/8/2022
415,Gaylord,Klimczak,gklimczakbi@pagesperso-orange.fr,+63 314 960 3821,857 Waubesa Point,Bungabon,Philippines,8/31/2022
416,Giorgio,Bowater,gbowaterbj@sbwire.com,+62 753 186 8290,72 Green Plaza,Kabar Utara,Indonesia,5/17/2022
417,Konstanze,Gerhts,kgerhtsbk@livejournal.com,+503 131 342 7729,4374 Ryan Park,San Agustín,El Salvador,12/14/2022
418,Carmel,Karpov,ckarpovbl@ezinearticles.com,+86 458 919 3654,6264 Montana Parkway,Qingxi,China,4/2/2022
419,Roderick,Draysey,rdrayseybm@ca.gov,+591 673 845 5888,895 Drewry Parkway,Santa Cruz de la Sierra,Bolivia,5/20/2022
420,Krista,Cocklie,kcockliebn@so-net.ne.jp,+255 314 655 7294,17 Jenifer Park,Usagara,Tanzania,4/18/2022
421,Gan,Ayers,gayersbo@spotify.com,+385 850 722 5227,92455 Kensington Trail,Lepoglava,Croatia,6/5/2022
422,Jodi,Wilfling,jwilflingbp@1688.com,+62 692 586 4157,0 Paget Parkway,Nonggunong,Indonesia,4/16/2022
423,Trudi,Hansard,thansardbq@princeton.edu,+52 517 668 1222,431 La Follette Lane,Bellavista,Mexico,10/27/2022
424,Trace,O'Reagan,toreaganbr@oakley.com,+48 418 170 3028,49381 Eagle Crest Alley,Skalbmierz,Poland,8/19/2022
425,Guillema,Newrick,gnewrickbs@theglobeandmail.com,+86 212 322 0498,0745 Pleasure Plaza,Longshi,China,6/14/2022
426,Missie,Truwert,mtruwertbt@bandcamp.com,+358 122 184 4348,406 Debra Junction,Imatra,Finland,4/14/2022
427,Danell,Belasco,dbelascobu@nasa.gov,+84 660 688 6179,09 Blackbird Trail,Sơn Tịnh,Vietnam,5/18/2022
428,Betta,Crotch,bcrotchbv@ed.gov,+380 750 695 5922,0520 Waywood Park,Rozsypne,Ukraine,3/8/2022
429,Katharyn,Petrolli,kpetrollibw@noaa.gov,+49 606 505 4882,3 Hintze Circle,Kiel,Germany,5/12/2022
430,Carmel,Fairpo,cfairpobx@digg.com,+86 323 146 3791,480 New Castle Place,Zoushi,China,7/12/2022
431,Corby,Wiggans,cwiggansby@prlog.org,+58 109 488 5970,3350 Mitchell Alley,El Limón,Venezuela,6/11/2022
432,Sky,Reavell,sreavellbz@cafepress.com,+255 206 308 5061,65 Lien Circle,Namikupa,Tanzania,9/12/2022
433,Freda,Ewbanche,fewbanchec0@wordpress.org,+86 794 452 0961,69260 Paget Park,Dagkar,China,9/5/2022
434,Filip,Wakeman,fwakemanc1@utexas.edu,+86 506 570 7417,6911 Hayes Terrace,Lengshui,China,7/13/2022
435,Georgette,Dregan,gdreganc2@sciencedaily.com,+62 898 156 3107,78744 Bellgrove Park,Pakemitan Dua,Indonesia,1/16/2022
436,Beverlie,Rickwood,brickwoodc3@answers.com,+63 806 320 6602,1317 Michigan Trail,Calinog,Philippines,12/4/2022
437,Kenon,Whenman,kwhenmanc4@chicagotribune.com,+387 127 388 9694,58 Crescent Oaks Lane,Jajce,Bosnia and Herzegovina,3/11/2022
438,Lenee,Edwin,ledwinc5@yolasite.com,+46 375 602 7582,382 Anhalt Court,Lomma,Sweden,5/9/2022
439,Gianina,Faulkner,gfaulknerc6@examiner.com,+63 727 434 5543,59064 Merchant Place,Sionogan,Philippines,3/4/2022
440,Natty,Henrique,nhenriquec7@cornell.edu,+63 124 546 5154,9240 Manley Trail,Sagbayan,Philippines,4/14/2022
441,Leonid,Maidstone,lmaidstonec8@jalbum.net,+380 779 859 3395,3776 Hintze Parkway,Mala Danylivka,Ukraine,9/30/2022
442,Theadora,Ronaghan,tronaghanc9@who.int,+48 442 130 3384,201 Quincy Drive,Pokój,Poland,1/25/2022
443,Even,Staunton,estauntonca@ameblo.jp,+351 925 348 9698,7 Rieder Circle,Póvoa,Portugal,8/5/2022
444,Sarina,Hayfield,shayfieldcb@slideshare.net,+86 651 175 7462,6 Graceland Pass,Yumendong,China,7/27/2022
445,Alasdair,Ridsdell,aridsdellcc@yale.edu,+98 146 143 0897,6213 Reinke Circle,Nahāvand,Iran,8/15/2022
446,Thornie,Ormiston,tormistoncd@nasa.gov,+81 648 382 8437,0 Dahle Road,Tarui,Japan,8/3/2022
447,Francisco,Richie,frichiece@google.com,+66 169 759 0398,8 Blackbird Pass,Samut Songkhram,Thailand,3/12/2022
448,Cody,Burchett,cburchettcf@who.int,+33 504 530 5777,1 Eastlawn Avenue,Orléans,France,10/13/2022
449,Larisa,Tye,ltyecg@gmpg.org,+51 607 595 9730,86653 Marquette Circle,Chancay,Peru,4/30/2022
450,Gretchen,Blinde,gblindech@drupal.org,+420 406 184 3184,492 Hallows Parkway,Hovězí,Czech Republic,1/31/2022
451,Rozanna,Bantham,rbanthamci@paginegialle.it,+7 355 976 6655,145 Utah Crossing,Neftegorsk,Russia,3/9/2022
452,Ailsun,Rolph,arolphcj@nature.com,+51 193 563 8255,82 East Parkway,Huarancante,Peru,1/9/2022
453,Glyn,Asker,gaskerck@bing.com,+57 949 961 9122,5 Lindbergh Junction,Ciénega,Colombia,5/29/2022
454,Robinet,Praundl,rpraundlcl@arstechnica.com,+63 303 740 2285,286 Declaration Alley,Matala,Philippines,11/12/2022
455,Udell,Bail,ubailcm@adobe.com,+374 817 545 0377,78 Victoria Park,Tsaghkunk’,Armenia,8/16/2022
456,Paulina,Capstake,pcapstakecn@phoca.cz,+57 846 337 4087,46722 Badeau Pass,Itagüí,Colombia,9/27/2022
457,Rebecca,Earney,rearneyco@dailymotion.com,+55 422 758 6514,2 Bultman Lane,Arroio do Meio,Brazil,12/14/2022
458,Cammi,MacGill,cmacgillcp@wikispaces.com,+389 413 389 3675,90 Elka Pass,Sekirnik,Macedonia,11/15/2022
459,Hilda,Liley,hlileycq@slideshare.net,+86 477 356 4555,35164 Homewood Way,Miaoyu,China,12/28/2022
460,Suzette,Bembridge,sbembridgecr@sfgate.com,+380 854 792 1609,8 Starling Crossing,Syevyerodonets’k,Ukraine,6/6/2022
461,Edlin,Hannigan,ehannigancs@cocolog-nifty.com,+86 919 679 5124,1898 Green Ridge Lane,Ruixi,China,12/5/2022
462,Adrien,Whymark,awhymarkct@php.net,+33 868 642 7104,26 Lawn Park,Limoges,France,11/12/2022
463,Noak,Stebbing,nstebbingcu@npr.org,+7 420 870 1697,508 Tony Road,Kovylkino,Russia,1/29/2022
464,Fancy,Skae,fskaecv@nature.com,+62 939 166 2826,675 Jana Park,Batakte,Indonesia,11/19/2022
465,Alf,Chavrin,achavrincw@reverbnation.com,+7 664 954 8419,948 Dapin Lane,Perelyub,Russia,2/25/2022
466,Sephira,Linzee,slinzeecx@webs.com,+380 110 330 5051,3858 Mockingbird Junction,Krasnyy Luch,Ukraine,8/29/2022
467,Arabelle,Yalden,ayaldency@dell.com,+30 832 332 1416,04302 Merchant Plaza,Dimitsána,Greece,5/28/2022
468,Daisi,Balint,dbalintcz@google.de,+48 971 740 3735,5 Cottonwood Crossing,Wola Filipowska,Poland,3/10/2022
469,Rickard,Degenhardt,rdegenhardtd0@360.cn,+62 801 663 6057,4 Drewry Drive,Panghadangan,Indonesia,12/12/2022
470,Randall,Golsworthy,rgolsworthyd1@purevolume.com,+46 555 315 1242,9 Dryden Street,Pajala,Sweden,5/31/2022
471,Kristin,Lindenblatt,klindenblattd2@adobe.com,+20 392 175 7924,9391 Cardinal Trail,Iţsā,Egypt,6/9/2022
472,Amory,Ayrton,aayrtond3@usgs.gov,+30 167 847 7436,158 Mayer Lane,Néa Filadélfeia,Greece,2/13/2022
473,Emmaline,Beckingham,ebeckinghamd4@xinhuanet.com,+86 347 115 6762,6039 Pennsylvania Court,Daze,China,7/3/2022
474,Mattie,Joanic,mjoanicd5@networksolutions.com,+420 596 717 0431,477 Green Lane,Čáslav,Czech Republic,1/18/2022
475,Marita,Peverell,mpeverelld6@webs.com,+86 147 832 1429,68 Crownhardt Parkway,Beihuaidian,China,9/18/2022
476,Ram,Cisec,rcisecd7@de.vu,+255 102 418 3815,6 Farmco Avenue,Ngerengere,Tanzania,2/21/2022
477,Marcelia,Beaulieu,mbeaulieud8@washingtonpost.com,+31 411 556 0702,038 Oak Valley Hill,Amsterdam Binnenstad en Oostelijk Havengebied,Netherlands,2/11/2022
478,Miquela,Ondrak,mondrakd9@feedburner.com,+84 381 712 3788,5 Summit Trail,Ma Đa Gui,Vietnam,9/13/2022
479,Templeton,Sterke,tsterkeda@psu.edu,+7 480 901 1687,25 Graceland Terrace,Krasnoarmeysk,Russia,2/2/2022
480,Shawn,Lethlay,slethlaydb@sourceforge.net,+51 909 719 6974,81868 Scott Terrace,Tirapata,Peru,10/6/2022
481,Delbert,Maccrea,dmaccreadc@fastcompany.com,+46 508 734 8161,70966 Truax Hill,Klippan,Sweden,11/8/2022
482,Dew,Ciotto,dciottodd@usda.gov,+86 101 657 9552,0243 1st Street,Lishu,China,4/8/2022
483,Melvyn,Scaice,mscaicede@google.com.hk,+86 910 904 4708,7622 Orin Junction,Xiaoruo,China,11/14/2022
484,Meggy,Canty,mcantydf@google.ru,+48 771 340 1030,797 Hoepker Park,Pyrzyce,Poland,6/15/2022
485,Terry,Coulbeck,tcoulbeckdg@printfriendly.com,+380 181 734 3289,8 Shelley Junction,Mysove,Ukraine,12/16/2022
486,Dolly,Lukasik,dlukasikdh@google.ru,+47 550 882 2619,94 Gateway Street,Oslo,Norway,5/27/2022
487,Jacquelynn,Morling,jmorlingdi@typepad.com,+86 665 791 0795,75262 Iowa Court,Xiacang,China,8/24/2022
488,Harbert,Larder,hlarderdj@merriam-webster.com,+1 214 831 5956,67 Upham Street,Denton,United States,1/1/2022
489,Conny,Alan,calandk@goo.gl,+86 168 992 9196,00032 Mandrake Park,Chanhe,China,11/28/2022
490,Adriano,Wands,awandsdl@example.com,+880 249 230 3912,149 Marcy Street,Parbatipur,Bangladesh,7/22/2022
491,Park,Stickells,pstickellsdm@timesonline.co.uk,+86 997 158 6594,35 Milwaukee Drive,Huangli,China,7/4/2022
492,Chlo,De Winton,cdewintondn@ca.gov,+54 114 675 5848,53 Johnson Drive,Espinillo,Argentina,5/10/2022
493,Patty,Astbery,pastberydo@acquirethisname.com,+48 920 620 3385,863 Garrison Center,Przemyśl,Poland,3/27/2022
494,Darrick,Andreuzzi,dandreuzzidp@posterous.com,+7 602 662 6199,048 Vermont Parkway,Urazovo,Russia,3/6/2022
495,Mildred,Lasham,mlashamdq@infoseek.co.jp,+86 405 522 2995,921 Lighthouse Bay Alley,Chengbei,China,3/14/2022
496,Bobina,Clunan,bclunandr@stanford.edu,+351 140 948 3522,80 Basil Plaza,Eirado,Portugal,3/25/2022
497,Alister,Gibbie,agibbieds@squarespace.com,+55 918 153 7804,6 Vahlen Center,São Sebastião do Caí,Brazil,4/19/2022
498,Elbertina,Spohrmann,espohrmanndt@jigsy.com,+63 780 821 4295,009 Northfield Circle,Kalandagan,Philippines,12/4/2022
499,Gregor,Kanzler,gkanzlerdu@slate.com,+86 851 812 0095,79315 Lerdahl Circle,Guomaying,China,9/23/2022
500,Darius,Salaman,dsalamandv@washingtonpost.com,+62 901 657 9323,0 Transport Terrace,Ciparasi,Indonesia,1/22/2022
